Indicator,Period,Age Group,Gender,Location,Value
Percentage distribution of women who have been tested for the AIDS virus,2001,,Female,Buganda,16
Percentage of men who think that discussion of AIDS in the media is not acceptable in any media,2001,,Male,Buganda,0
Percentage of men with a comprehensive knowledge about AIDS,2011,,Male,Buganda,34
Percentage of men with a comprehensive knowledge about AIDS,2011,,Male,Buganda,49
Percentage of individuals who have heard of AIDS,2001,,Male,Buganda,17
Percentage of individuals who have received information about AIDS from specific sources,2001,,Male,Buganda,6
Percentage of men who know a source for the HIV test,2001,,Male,Buganda,54
Percentage distribution of women who have been tested for the AIDS virus,2001,25 - 29 Years,Female,Uganda,11
Percentage distribution of women who have been tested for the AIDS virus,2001,30 - 39 Years,Female,Uganda,7
Percentage distribution of women who have been tested for the AIDS virus,2001,40 - 49 Years,Female,Uganda,5
Percentage distribution of women who have been tested for the AIDS virus,2001,,Female,Uganda,22
Percentage distribution of women who have been tested for the AIDS virus,2001,,Female,Uganda,5
Percentage distribution of women who have been tested for the AIDS virus,2001,,Female,Eastern,5
Percentage distribution of women who have been tested for the AIDS virus,2001,,Female,Northern,3
Percentage distribution of women who have been tested for the AIDS virus,2001,,Female,Western,4
Percentage distribution of women who have been tested for the AIDS virus,2001,20 - 24 Years,Female,Uganda,11
Percentage of individuals who have received information about AIDS from specific sources,2001,20 - 24 Years,Male,Uganda,5
Percentage of individuals who have received information about AIDS from specific sources,2001,25 - 29 Years,Male,Uganda,3
Percentage of men who know that HIV can be transmitted by breastfeeding and risk of MTCT can be reduced by mother taking special drugs during pregncy,2011,,Male,Buganda,53
Percentage of men who know that HIV can be transmitted by breastfeeding and risk of MTCT can be reduced by mother taking special drugs during pregncy,2011,,Male,Buganda,64
Percentage of men who know that HIV can be transmitted by breastfeeding and risk of MTCT can be reduced by mother taking special drugs during pregncy,2011,40 - 49 Years,Male,Uganda,62
Percentage of men who know that HIV can be transmitted by breastfeeding and risk of MTCT can be reduced by mother taking special drugs during pregncy,2011,,Male,Uganda,64
Percentage of men who know that HIV can be transmitted by breastfeeding and risk of MTCT can be reduced by mother taking special drugs during pregncy,2011,,Male,Uganda,60
Percentage of men who know that HIV can be transmitted by breastfeeding and risk of MTCT can be reduced by mother taking special drugs during pregncy,2011,,Male,Kampala,64
Percentage of men who know that HIV can be transmitted by breastfeeding and risk of MTCT can be reduced by mother taking special drugs during pregncy,2011,,Male,Eastern Central,54
Percentage of men who know that HIV can be transmitted by breastfeeding and risk of MTCT can be reduced by mother taking special drugs during pregncy,2011,,Male,Eastern,55
Percentage of men with a comprehensive knowledge about AIDS,2011,30 - 39 Years,Male,Uganda,45
Percentage of men with a comprehensive knowledge about AIDS,2011,,Male,Kampala,59
Percentage of individuals who have heard of AIDS,2001,15 - 19 Years,Male,Uganda,6
Percentage of individuals who have heard of AIDS,2001,20 - 24 Years,Male,Uganda,12
Percentage of individuals who have heard of AIDS,2001,25 - 29 Years,Male,Uganda,25
Percentage of individuals who have heard of AIDS,2001,30 - 34 Years,Male,Uganda,29
Percentage of individuals who have heard of AIDS,2001,35 - 39 Years,Male,Uganda,30
Percentage of individuals who have heard of AIDS,2001,45 - 49 Years,Male,Uganda,44
Percentage of individuals who have heard of AIDS,2001,50 - 54 Years,Male,Uganda,32
Percentage of individuals who have heard of AIDS,2001,,Male,Uganda,17
Percentage of individuals who have heard of AIDS,2001,,Male,Uganda,24
Percentage of individuals who have heard of AIDS,2001,,Male,Eastern,28
Percentage of individuals who have heard of AIDS,2001,,Male,Northern,30
Percentage of individuals who have heard of AIDS,2001,,Male,Western,20
Percentage of individuals who have heard of AIDS,2001,40 - 44 Years,Male,Uganda,39
Percentage of individuals who have received information about AIDS from specific sources,2001,15 - 19 Years,Male,Uganda,9
Percentage of individuals who have received information about AIDS from specific sources,2001,,Male,Western,1
Percentage of men who know a source for the HIV test,2001,,Male,Uganda,66
Percentage of men who know a source for the HIV test,2001,15 - 19 Years,Male,Uganda,41
Percentage of men who know a source for the HIV test,2001,20 - 24 Years,Male,Uganda,54
Percentage of men who know a source for the HIV test,2001,25 - 29 Years,Male,Uganda,53
Percentage of men who know a source for the HIV test,2001,30 - 39 Years,Male,Uganda,46
Percentage of men who know a source for the HIV test,2001,40 - 49 Years,Male,Uganda,44
Percentage of men who know a source for the HIV test,2001,50 - 54 Years,Male,Uganda,41
Percentage of men who know a source for the HIV test,2001,,Male,Eastern,47
Percentage of men who know a source for the HIV test,2001,,Male,Northern,26
Percentage of men who know a source for the HIV test,2001,,Male,Western,50
Percentage of men who know a source for the HIV test,2001,,Male,Uganda,43
Percentage of men who know that HIV can be transmitted by breastfeeding and risk of MTCT can be reduced by mother taking special drugs during pregncy,2011,15 - 24 Years,Male,Uganda,56
Percentage of men who know that HIV can be transmitted by breastfeeding and risk of MTCT can be reduced by mother taking special drugs during pregncy,2011,15 - 19 Years,Male,Uganda,54
Percentage of men who know that HIV can be transmitted by breastfeeding and risk of MTCT can be reduced by mother taking special drugs during pregncy,2011,20 - 24 Years,Male,Uganda,60
Percentage of men who know that HIV can be transmitted by breastfeeding and risk of MTCT can be reduced by mother taking special drugs during pregncy,2011,25 - 29 Years,Male,Uganda,70
Percentage of men who know that HIV can be transmitted by breastfeeding and risk of MTCT can be reduced by mother taking special drugs during pregncy,2011,30 - 39 Years,Male,Uganda,60
Percentage of men who know that HIV can be transmitted by breastfeeding and risk of MTCT can be reduced by mother taking special drugs during pregncy,2011,,Male,Karamoja,45
Percentage of men who know that HIV can be transmitted by breastfeeding and risk of MTCT can be reduced by mother taking special drugs during pregncy,2011,,Male,Western,67
Percentage of men who know that HIV can be transmitted by breastfeeding and risk of MTCT can be reduced by mother taking special drugs during pregncy,2011,,Male,Northern,63
Percentage of men who think that discussion of AIDS in the media is not acceptable in any media,2001,15 - 19 Years,Male,Uganda,2
Percentage of men who think that discussion of AIDS in the media is not acceptable in any media,2001,20 - 24 Years,Male,Uganda,0
Percentage of men who think that discussion of AIDS in the media is not acceptable in any media,2001,25 - 29 Years,Male,Uganda,2
Percentage of men who think that discussion of AIDS in the media is not acceptable in any media,2001,30 - 39 Years,Male,Uganda,1
Percentage of men who think that discussion of AIDS in the media is not acceptable in any media,2001,40 - 49 Years,Male,Uganda,3
Percentage of men who think that discussion of AIDS in the media is not acceptable in any media,2001,,Male,Uganda,2
Percentage of men who think that discussion of AIDS in the media is not acceptable in any media,2001,,Male,Eastern,2
Percentage of men who think that discussion of AIDS in the media is not acceptable in any media,2001,,Male,Northern,6
Percentage of men who think that discussion of AIDS in the media is not acceptable in any media,2001,,Male,Western,0
Percentage of men who think that discussion of AIDS in the media is not acceptable in any media,2001,,Male,Uganda,0
Percentage of men with a comprehensive knowledge about AIDS,2011,,Male,Uganda,57
Percentage of men with a comprehensive knowledge about AIDS,2011,15 - 24 Years,Male,Uganda,39
Percentage of men with a comprehensive knowledge about AIDS,2011,15 - 19 Years,Male,Uganda,34
Percentage of men with a comprehensive knowledge about AIDS,2011,20 - 24 Years,Male,Uganda,47
Percentage of men with a comprehensive knowledge about AIDS,2011,40 - 49 Years,Male,Uganda,46
Percentage of men with a comprehensive knowledge about AIDS,2011,,Male,Eastern Central,35
Percentage of men with a comprehensive knowledge about AIDS,2011,,Male,Eastern,27
Percentage of men with a comprehensive knowledge about AIDS,2011,,Male,Uganda,38
Percentage of men with a comprehensive knowledge about AIDS,2011,25 - 29 Years,Male,Uganda,42
Percentage of men with a comprehensive knowledge about AIDS,2011,,Male,Northern,61
Percentage distribution of women who have been tested for the AIDS virus,2001,15 - 19 Years,Female,Uganda,6
Percentage of individuals who have received information about AIDS from specific sources,2001,30 - 39 Years,Male,Uganda,4
Percentage of individuals who have received information about AIDS from specific sources,2001,40 - 49 Years,Male,Uganda,3
Percentage of individuals who have received information about AIDS from specific sources,2001,,Male,Uganda,7
Percentage of individuals who have received information about AIDS from specific sources,2001,,Male,Uganda,3
Percentage of individuals who have received information about AIDS from specific sources,2001,,Male,Eastern,5
Percentage of individuals who have received information about AIDS from specific sources,2001,,Male,Northern,0
Percentage of men with a comprehensive knowledge about AIDS,2011,,Male,Karamoja,43
Percentage of men with a comprehensive knowledge about AIDS,2011,,Male,Western,51
Percentage of men who know that HIV can be transmitted by breastfeeding and risk of MTCT can be reduced by mother taking special drugs during pregncy,2011,,Male,West Nile,76
Percentage of men with a comprehensive knowledge about AIDS,2011,,Male,West Nile,29
Percentage of men who know that HIV can be transmitted by breastfeeding and risk of MTCT can be reduced by mother taking special drugs during pregncy,2011,,Male,Western,57
Percentage of men with a comprehensive knowledge about AIDS,2011,,Male,Western,34
